ScoredQuestion,UnscoredQuestion,CorrectAnswer
Q1_1S,Q1#1_1,2
Q1_2S,Q1#1_2,2
Q1_3S,Q1#1_3,1
Q1_4S,Q1#1_4,1
Q2_1S,Q2#1_1,2
Q2_2S,Q2#1_2,2
Q2_3S,Q2#1_3,1
Q2_4S,Q2#1_4,1
Q3_1S,Q3#1_1,1
Q3_2S,Q3#1_2,2
Q3_3S,Q3#1_3,1
Q3_4S,Q3#1_4,1
Q4_1S,Q4#1_1,2
Q4_2S,Q4#1_2,1
Q4_3S,Q4#1_3,1
Q4_4S,Q4#1_4,1
Q5_1S,Q5#1_1,2
Q5_2S,Q5#1_2,1
Q5_3S,Q5#1_3,1
Q5_4S,Q5#1_4,1
Q6_1S,Q6#1_1,2
Q6_2S,Q6#1_2,1
Q6_3S,Q6#1_3,1
Q6_4S,Q6#1_4,1
Q7_1S,Q7#1_1,2
Q7_2S,Q7#1_2,1
Q7_3S,Q7#1_3,1
Q7_4S,Q7#1_4,2
Q8_1S,Q8#1_1,2
Q8_2S,Q8#1_2,2
Q8_3S,Q8#1_3,2
Q8_4S,Q8#1_4,1
Q9_1S,Q9#1_1,2
Q9_2S,Q9#1_2,1
Q9_3S,Q9#1_3,1
Q9_4S,Q9#1_4,2
Q10_1S,Q10#1_1,1
Q10_2S,Q10#1_2,2
Q10_3S,Q10#1_3,1
Q10_4S,Q10#1_4,1
Q11_1S,Q11#1_1,1
Q11_2S,Q11#1_2,1
Q11_3S,Q11#1_3,2
Q11_4S,Q11#1_4,2
Q12_1S,Q12#1_1,2
Q12_2S,Q12#1_2,2
Q12_3S,Q12#1_3,2
Q12_4S,Q12#1_4,1
Q13_1S,Q13#1_1,2
Q13_2S,Q13#1_2,1
Q13_3S,Q13#1_3,1
Q13_4S,Q13#1_4,2
Q14_1S,Q14#1_1,1
Q14_2S,Q14#1_2,1
Q14_3S,Q14#1_3,2
Q14_4S,Q14#1_4,2
Q15_1S,Q15#1_1,1
Q15_2S,Q15#1_2,2
Q15_3S,Q15#1_3,2
Q15_4S,Q15#1_4,2
Q16_1S,Q16#1_1,2
Q16_2S,Q16#1_2,2
Q16_3S,Q16#1_3,2
Q16_4S,Q16#1_4,2
Q17_1S,Q17#1_1,1
Q17_2S,Q17#1_2,1
Q17_3S,Q17#1_3,1
Q17_4S,Q17#1_4,1
Q18_1S,Q18#1_1,2
Q18_2S,Q18#1_2,2
Q18_3S,Q18#1_3,1
Q18_4S,Q18#1_4,1