SC_VC_Evolution,SC_VC_Information_Flow,SC_VC_Structure_Function,SC_VC_Transformations_of_Energy_and_Matter,SC_VC_Systems
Q1_1S,Q4_1S,Q7_1S,Q2_1S,Q6_1S
Q1_2S,Q4_2S,Q7_2S,Q2_2S,Q6_2S
Q1_3S,Q4_3S,Q7_3S,Q2_3S,Q6_3S
Q1_4S,Q4_4S,Q7_4S,Q2_4S,Q6_4S
Q2_1S,Q5_1S,Q9_1S,Q12_1S,Q10_1S
Q2_2S,Q5_2S,Q9_2S,Q12_2S,Q10_2S
Q2_3S,Q5_3S,Q9_3S,Q12_3S,Q10_3S
Q2_4S,Q5_4S,Q9_4S,Q12_4S,Q10_4S
Q3_1S,Q6_1S,Q11_1S,Q13_1S,
Q3_2S,Q6_2S,Q11_2S,Q13_2S,
Q3_3S,Q6_3S,Q11_3S,Q13_3S,
Q3_4S,Q6_4S,Q11_4S,Q13_4S,
,Q8_1S,Q12_1S,Q14_1S,
,Q8_2S,Q12_2S,Q14_2S,
,Q8_3S,Q12_3S,Q14_3S,
,Q8_4S,Q12_4S,Q14_4S,
,Q9_1S,Q13_1S,Q15_1S,
,Q9_2S,Q13_2S,Q15_2S,
,Q9_3S,Q13_3S,Q15_3S,
,Q9_4S,Q13_4S,Q15_4S,
,Q10_1S,Q15_1S,,
,Q10_2S,Q15_2S,,
,Q10_3S,Q15_3S,,
,Q10_4S,Q15_4S,,
,Q11_1S,Q16_1S,,
,Q11_2S,Q16_2S,,
,Q11_3S,Q16_3S,,
,Q11_4S,Q16_4S,,
,Q17_1S,,,
,Q17_2S,,,
,Q17_3S,,,
,Q17_4S,,,
,Q18_1S,,,
,Q18_2S,,,
,Q18_3S,,,
,Q18_4S,,,