SC_T_Ecology,SC_T_Evolution,SC_VC_Evolution,SC_VC_Information_Flow,SC_VC_Structure_Function,SC_VC_Transformations_of_Energy_and_Matter,SC_VC_Systems,SC_EE_Heritable_Variation,SC_EE_Modes_of_Change,SC_EE_Phylogeny_and_Evolutionary_History,SC_EE_Biological_Diversity,SC_EE_Populations,SC_EE_Energy_and_Matter,SC_EE_Interactions_with_Ecosystems,SC_EE_Human_Impact,SC_FDEE_Populations,SC_FDEE_Communities,SC_FDEE_Ecosystems,SC_FDEE_Biomes,SC_FDEE_Biosphere,SC_FDEE_Quantitative_Reasoning,SC_FDEE_Designing_and_Critiquing,SC_FDEE_Human_Change,SC_FDEE_Human_Shape,SC_FDEE_Matter_and_Energy,SC_FDEE_Systems,SC_FDEE_Space_and_Time,SC_FDEE_Core_Ecology,SC_FDEE_FDEE_Ecology_Practices,SC_FDEE_Human_Environment,SC_FDEE_CrossCutting
Q1_1S,Q2_1S,Q2_2S,Q2_1S,Q7_1S,Q1_4S,Q1_1S,Q2_1S,Q2_3S,Q2_2S,Q8_1S,Q1_3S,Q1_4S,Q1_1S,Q2_9S,Q1_6S,Q1_2S,Q1_1S,Q8_1S,Q8_3S,Q1_4S,Q1_1S,Q1_5S,Q1_1S,Q1_4S,Q1_1S,Q2_1S,Q1_6S,Q1_4S,Q1_5S,Q1_4S
Q1_2S,Q2_2S,Q2_3S,Q2_4S,Q7_7S,Q1_5S,Q1_2S,Q2_4S,Q2_7S,Q4_1S,Q8_3S,Q1_6S,Q1_5S,Q1_2S,Q5_5S,Q2_9S,Q1_3S,Q1_4S,Q8_2S,Q8_6S,Q1_6S,Q1_2S,Q8_6S,Q1_2S,Q1_5S,Q1_2S,Q2_2S,Q2_9S,Q1_6S,Q8_6S,Q1_5S
Q1_3S,Q2_3S,Q2_7S,Q2_5S,Q9_3S,Q7_2S,Q1_3S,Q2_5S,Q2_8S,Q4_2S,Q9_1S,Q3_1S,Q7_2S,Q1_7S,Q8_6S,Q3_2S,Q3_1S,Q1_5S,Q8_5S,Q9_5S,Q3_2S,Q1_3S,,Q1_3S,Q7_2S,Q1_3S,Q2_3S,Q3_2S,Q3_2S,Q1_1S,Q7_2S
Q1_4S,Q2_4S,Q2_8S,Q2_6S,,Q7_3S,Q1_6S,Q2_6S,Q5_2S,Q4_3S,,Q3_2S,Q7_3S,Q3_3S,,Q3_3S,Q3_4S,Q1_7S,,,Q3_5S,Q1_5S,,Q1_4S,Q7_3S,Q1_6S,Q2_4S,Q3_3S,Q3_5S,Q1_2S,Q7_3S
Q1_5S,Q2_5S,Q4_1S,Q5_1S,,Q8_2S,Q1_7S,Q5_1S,Q5_3S,Q4_4S,,Q3_4S,Q8_2S,Q7_1S,,Q3_5S,Q7_1S,Q7_2S,,,Q5_5S,Q1_7S,,Q1_6S,Q8_2S,Q1_7S,Q2_5S,Q3_5S,Q5_5S,Q1_3S,Q8_2S
Q1_6S,Q2_6S,Q4_2S,Q5_4S,,Q8_5S,Q2_9S,Q5_4S,Q5_7S,Q4_5S,,Q3_5S,Q8_5S,Q9_2S,,Q5_5S,Q9_1S,Q7_3S,,,,Q3_1S,,Q1_7S,Q8_5S,Q2_9S,Q2_6S,Q5_5S,Q1_1S,Q1_4S,Q8_5S
Q1_7S,Q2_7S,Q4_3S,Q5_6S,,Q8_7S,Q3_1S,Q5_6S,Q6_6S,Q4_6S,,Q7_7S,Q8_7S,,,Q7_7S,Q9_2S,Q8_7S,,,,Q8_1S,,Q2_9S,Q8_7S,Q3_1S,Q2_7S,Q7_7S,Q1_2S,Q1_6S,Q8_7S
Q2_9S,Q2_8S,Q4_4S,Q6_7S,,Q9_4S,Q3_2S,Q6_7S,Q7_4S,Q4_7S,,,Q9_4S,,,,,Q9_4S,,,,Q8_2S,,Q5_5S,Q9_4S,Q3_2S,Q2_8S,Q1_2S,Q1_3S,Q1_7S,Q9_4S
Q3_1S,Q4_1S,Q4_5S,,,Q9_5S,Q3_3S,,Q7_5S,Q6_1S,,,Q9_5S,,,,,Q9_6S,,,,Q8_3S,,Q8_7S,Q9_5S,Q3_3S,Q3_4S,Q1_3S,Q1_5S,Q2_9S,Q9_5S
Q3_2S,Q4_2S,Q4_6S,,,Q9_6S,Q3_4S,,Q7_6S,Q6_2S,,,Q9_6S,,,,,Q9_7S,,,,Q8_5S,,,Q9_6S,Q3_5S,Q4_1S,Q3_1S,Q1_7S,Q5_5S,Q9_6S
Q3_3S,Q4_3S,Q4_7S,,,Q9_7S,Q3_5S,,Q8_4S,Q6_3S,,,Q9_7S,,,,,,,,,Q9_1S,,,Q9_7S,Q5_5S,Q4_2S,Q3_4S,Q3_1S,Q8_7S,Q9_7S
Q3_4S,Q4_4S,Q5_2S,,,,Q5_5S,,,Q6_4S,,,,,,,,,,,,,,,,Q7_1S,Q4_3S,Q7_1S,Q8_1S,,Q1_1S
Q3_5S,Q4_5S,Q5_3S,,,,Q8_1S,,,Q6_5S,,,,,,,,,,,,,,,,Q7_7S,Q4_4S,Q9_1S,Q8_2S,,Q1_2S
Q5_5S,Q4_6S,Q5_7S,,,,Q8_3S,,,Q9_3S,,,,,,,,,,,,,,,,Q8_1S,Q4_5S,Q9_2S,Q8_3S,,Q1_3S
Q7_1S,Q4_7S,Q6_1S,,,,Q8_6S,,,,,,,,,,,,,,,,,,,Q8_6S,Q4_6S,Q1_1S,Q8_5S,,Q1_6S
Q7_2S,Q5_1S,Q6_2S,,,,Q9_1S,,,,,,,,,,,,,,,,,,,Q9_1S,Q4_7S,Q1_4S,Q9_1S,,Q1_7S
Q7_3S,Q5_2S,Q6_3S,,,,Q9_2S,,,,,,,,,,,,,,,,,,,Q9_2S,Q5_1S,Q1_5S,,,Q2_9S
Q7_7S,Q5_3S,Q6_4S,,,,,,,,,,,,,,,,,,,,,,,,Q5_2S,Q1_7S,,,Q3_1S
Q8_1S,Q5_4S,Q6_5S,,,,,,,,,,,,,,,,,,,,,,,,Q5_3S,Q7_2S,,,Q3_2S
Q8_2S,Q5_6S,Q6_6S,,,,,,,,,,,,,,,,,,,,,,,,Q5_4S,Q7_3S,,,Q3_3S
Q8_3S,Q5_7S,Q7_4S,,,,,,,,,,,,,,,,,,,,,,,,Q5_6S,Q8_7S,,,Q3_5S
Q8_5S,Q6_1S,Q7_5S,,,,,,,,,,,,,,,,,,,,,,,,Q5_7S,Q9_4S,,,Q5_5S
Q8_6S,Q6_2S,Q7_6S,,,,,,,,,,,,,,,,,,,,,,,,Q6_1S,Q9_6S,,,Q7_1S
Q8_7S,Q6_3S,Q8_4S,,,,,,,,,,,,,,,,,,,,,,,,Q6_2S,Q9_7S,,,Q7_7S
Q9_1S,Q6_4S,,,,,,,,,,,,,,,,,,,,,,,,,Q6_3S,Q8_1S,,,Q8_1S
Q9_2S,Q6_5S,,,,,,,,,,,,,,,,,,,,,,,,,Q6_4S,Q8_2S,,,Q8_6S
Q9_4S,Q6_6S,,,,,,,,,,,,,,,,,,,,,,,,,Q6_5S,Q8_5S,,,Q9_1S
Q9_5S,Q6_7S,,,,,,,,,,,,,,,,,,,,,,,,,Q6_6S,Q8_3S,,,Q9_2S
Q9_6S,Q7_4S,,,,,,,,,,,,,,,,,,,,,,,,,Q6_7S,Q8_6S,,,Q2_1S
Q9_7S,Q7_5S,,,,,,,,,,,,,,,,,,,,,,,,,Q7_4S,Q9_5S,,,Q2_2S
,Q7_6S,,,,,,,,,,,,,,,,,,,,,,,,,Q7_5S,,,,Q2_3S
,Q8_4S,,,,,,,,,,,,,,,,,,,,,,,,,Q7_6S,,,,Q2_4S
,Q9_3S,,,,,,,,,,,,,,,,,,,,,,,,,Q8_3S,,,,Q2_5S
,,,,,,,,,,,,,,,,,,,,,,,,,,Q8_4S,,,,Q2_6S
,,,,,,,,,,,,,,,,,,,,,,,,,,Q9_3S,,,,Q2_7S
,,,,,,,,,,,,,,,,,,,,,,,,,,,,,,Q2_8S
,,,,,,,,,,,,,,,,,,,,,,,,,,,,,,Q3_4S
,,,,,,,,,,,,,,,,,,,,,,,,,,,,,,Q4_1S
,,,,,,,,,,,,,,,,,,,,,,,,,,,,,,Q4_2S
,,,,,,,,,,,,,,,,,,,,,,,,,,,,,,Q4_3S
,,,,,,,,,,,,,,,,,,,,,,,,,,,,,,Q4_4S
,,,,,,,,,,,,,,,,,,,,,,,,,,,,,,Q4_5S
,,,,,,,,,,,,,,,,,,,,,,,,,,,,,,Q4_6S
,,,,,,,,,,,,,,,,,,,,,,,,,,,,,,Q4_7S
,,,,,,,,,,,,,,,,,,,,,,,,,,,,,,Q5_1S
,,,,,,,,,,,,,,,,,,,,,,,,,,,,,,Q5_2S
,,,,,,,,,,,,,,,,,,,,,,,,,,,,,,Q5_3S
,,,,,,,,,,,,,,,,,,,,,,,,,,,,,,Q5_4S
,,,,,,,,,,,,,,,,,,,,,,,,,,,,,,Q5_6S
,,,,,,,,,,,,,,,,,,,,,,,,,,,,,,Q5_7S
,,,,,,,,,,,,,,,,,,,,,,,,,,,,,,Q6_1S
,,,,,,,,,,,,,,,,,,,,,,,,,,,,,,Q6_2S
,,,,,,,,,,,,,,,,,,,,,,,,,,,,,,Q6_3S
,,,,,,,,,,,,,,,,,,,,,,,,,,,,,,Q6_4S
,,,,,,,,,,,,,,,,,,,,,,,,,,,,,,Q6_5S
,,,,,,,,,,,,,,,,,,,,,,,,,,,,,,Q6_6S
,,,,,,,,,,,,,,,,,,,,,,,,,,,,,,Q6_7S
,,,,,,,,,,,,,,,,,,,,,,,,,,,,,,Q7_4S
,,,,,,,,,,,,,,,,,,,,,,,,,,,,,,Q7_5S
,,,,,,,,,,,,,,,,,,,,,,,,,,,,,,Q7_6S
,,,,,,,,,,,,,,,,,,,,,,,,,,,,,,Q8_3S
,,,,,,,,,,,,,,,,,,,,,,,,,,,,,,Q8_4S
,,,,,,,,,,,,,,,,,,,,,,,,,,,,,,Q9_3S