ScoredQuestion,UnscoredQuestion,CorrectAnswer,TimingQuestion
BM-01_1S,BM-01#1_1,2,T-BM-01_1
BM-01_2S,BM-01#1_2,1,T-BM-01_1
BM-01_3S,BM-01#1_3,2,T-BM-01_1
BM-01_4S,BM-01#1_4,1,T-BM-01_1
BM-01_5S,BM-01#1_5,1,T-BM-01_1
BM-02_1S,BM-02#1_1,1,T-BM-02_1
BM-02_2S,BM-02#1_2,1,T-BM-02_1
BM-02_3S,BM-02#1_3,2,T-BM-02_1
BM-02_4S,BM-02#1_4,1,T-BM-02_1
BM-03_1S,BM-03#1_1,1,T-BM-03_1
BM-03_2S,BM-03#1_2,1,T-BM-03_1
BM-03_3S,BM-03#1_3,1,T-BM-03_1
BM-03_4S,BM-03#1_4,1,T-BM-03_1
BM-03_5S,BM-03#1_5,2,T-BM-03_1
BM-04_1S,BM-04#1_1,2,T-BM-04_1
BM-04_2S,BM-04#1_2,2,T-BM-04_1
BM-04_3S,BM-04#1_3,1,T-BM-04_1
BM-04_4S,BM-04#1_4,1,T-BM-04_1
BM-07_1S,BM-07#1_1,1,T-BM-07_1
BM-07_2S,BM-07#1_2,2,T-BM-07_1
BM-07_3S,BM-07#1_3,1,T-BM-07_1
BM-07_4S,BM-07#1_4,1,T-BM-07_1
BM-07_5S,BM-07#1_5,1,T-BM-07_1
BM-08_1S,BM-08#1_1,1,T-BM-08_1
BM-08_2S,BM-08#1_2,2,T-BM-08_1
BM-08_3S,BM-08#1_3,1,T-BM-08_1
BM-08_4S,BM-08#1_4,1,T-BM-08_1
BM-12_1S,BM-12#1_1,1,T-BM-12_1
BM-12_2S,BM-12#1_2,2,T-BM-12_1
BM-12_3S,BM-12#1_3,1,T-BM-12_1
BM-12_4S,BM-12#1_4,1,T-BM-12_1
BM-12_5S,BM-12#1_5,1,T-BM-12_1
BM-13_1S,BM-13#1_1,1,T-BM-13_1
BM-13_2S,BM-13#1_2,2,T-BM-13_1
BM-13_3S,BM-13#1_3,1,T-BM-13_1
BM-13_4S,BM-13#1_4,2,T-BM-13_1
BM-14_1S,BM-14#1_1,2,T-BM-14_1
BM-14_2S,BM-14#1_2,2,T-BM-14_1
BM-14_3S,BM-14#1_3,1,T-BM-14_1
BM-14_4S,BM-14#1_4,1,T-BM-14_1
BM-15_1S,BM-15#1_1,1,T-BM-15_1
BM-15_2S,BM-15#1_2,2,T-BM-15_1
BM-15_3S,BM-15#1_3,1,T-BM-15_1
BM-15_4S,BM-15#1_4,2,T-BM-15_1
BM-16_1S,BM-16#1_1,1,T-BM-16_1
BM-16_2S,BM-16#1_2,1,T-BM-16_1
BM-16_3S,BM-16#1_3,2,T-BM-16_1
BM-16_4S,BM-16#1_4,1,T-BM-16_1
BM-18_1S,BM-18#1_1,1,T-BM-18_1
BM-18_2S,BM-18#1_2,2,T-BM-18_1
BM-18_3S,BM-18#1_3,2,T-BM-18_1
BM-18_4S,BM-18#1_4,2,T-BM-18_1
BM-19_1S,BM-19#1_1,2,T-BM-19_1
BM-19_2S,BM-19#1_2,2,T-BM-19_1
BM-19_3S,BM-19#1_3,1,T-BM-19_1
BM-19_4S,BM-19#1_4,1,T-BM-19_1
BM-20_1S,BM-20#1_1,1,T-BM-20_1
BM-20_2S,BM-20#1_2,2,T-BM-20_1
BM-20_3S,BM-20#1_3,2,T-BM-20_1
BM-20_4S,BM-20#1_4,2,T-BM-20_1
BM-20_5S,BM-20#1_5,1,T-BM-20_1
BM-21_1S,BM-21#1_1,2,T-BM-21_1
BM-21_2S,BM-21#1_2,2,T-BM-21_1
BM-21_3S,BM-21#1_3,1,T-BM-21_1
BM-21_4S,BM-21#1_4,2,T-BM-21_1
BM-22_1S,BM-22#1_1,1,T-BM-22_1
BM-22_2S,BM-22#1_2,2,T-BM-22_1
BM-22_3S,BM-22#1_3,1,T-BM-22_1
BM-22_4S,BM-22#1_4,2,T-BM-22_1
BM-23_1S,BM-23#1_1,1,T-BM-23_1
BM-23_2S,BM-23#1_2,2,T-BM-23_1
BM-23_3S,BM-23#1_3,1,T-BM-23_1
BM-23_4S,BM-23#1_4,2,T-BM-23_1
BM-24_1S,BM-24#1_1,2,T-BM-24_1
BM-24_2S,BM-24#1_2,2,T-BM-24_1
BM-24_3S,BM-24#1_3,1,T-BM-24_1
BM-24_4S,BM-24#1_4,2,T-BM-24_1
BM-24_5S,BM-24#1_5,2,T-BM-24_1
BM-27_1S,BM-27#1_1,2,T-BM-27_1
BM-27_2S,BM-27#1_2,1,T-BM-27_1
BM-27_3S,BM-27#1_3,1,T-BM-27_1
BM-27_4S,BM-27#1_4,2,T-BM-27_1
BM-27_5S,BM-27#1_5,2,T-BM-27_1
BM-28_1S,BM-28#1_1,2,T-BM-28_1
BM-28_2S,BM-28#1_2,1,T-BM-28_1
BM-28_3S,BM-28#1_3,1,T-BM-28_1
BM-28_4S,BM-28#1_4,2,T-BM-28_1
BM-28_5S,BM-28#1_5,1,T-BM-28_1
BM-30_1S,BM-30#1_1,1,T-BM-30_1
BM-30_2S,BM-30#1_2,2,T-BM-30_1
BM-30_3S,BM-30#1_3,2,T-BM-30_1
BM-30_4S,BM-30#1_4,1,T-BM-30_1
BM-31_1S,BM-31#1_1,1,T-BM-31_1
BM-31_2S,BM-31#1_2,1,T-BM-31_1
BM-31_3S,BM-31#1_3,1,T-BM-31_1
BM-31_4S,BM-31#1_4,2,T-BM-31_1
BM-32_1S,BM-32#1_1,2,T-BM-32_1
BM-32_2S,BM-32#1_2,2,T-BM-32_1
BM-32_3S,BM-32#1_3,1,T-BM-32_1
BM-32_4S,BM-32#1_4,2,T-BM-32_1
BM-32_5S,BM-32#1_5,2,T-BM-32_1
BM-33_1S,BM-33#1_1,1,T-BM-33_1
BM-33_2S,BM-33#1_2,1,T-BM-33_1
BM-33_3S,BM-33#1_3,2,T-BM-33_1
BM-33_4S,BM-33#1_4,1,T-BM-33_1
BM-33_5S,BM-33#1_5,1,T-BM-33_1
BM-35_1S,BM-35#1_1,2,T-BM-35_1
BM-35_2S,BM-35#1_2,1,T-BM-35_1
BM-35_3S,BM-35#1_3,1,T-BM-35_1
BM-35_4S,BM-35#1_4,1,T-BM-35_1
BM-36_1S,BM-36#1_1,1,T-BM-36_1
BM-36_2S,BM-36#1_2,2,T-BM-36_1
BM-36_3S,BM-36#1_3,2,T-BM-36_1
BM-36_4S,BM-36#1_4,2,T-BM-36_1
BM-36_5S,BM-36#1_5,2,T-BM-36_1
BM-37_1S,BM-37#1_1,1,T-BM-37_1
BM-37_2S,BM-37#1_2,2,T-BM-37_1
BM-37_3S,BM-37#1_3,1,T-BM-37_1
BM-37_4S,BM-37#1_4,2,T-BM-37_1
BM-37_5S,BM-37#1_5,2,T-BM-37_1
BM-38_1S,BM-38#1_1,2,T-BM-38_1
BM-38_2S,BM-38#1_2,1,T-BM-38_1
BM-38_3S,BM-38#1_3,1,T-BM-38_1
BM-38_4S,BM-38#1_4,1,T-BM-38_1
BM-38_5S,BM-38#1_5,2,T-BM-38_1
BM-40_1S,BM-40#1_1,2,T-BM-40_1
BM-40_2S,BM-40#1_2,1,T-BM-40_1
BM-40_3S,BM-40#1_3,1,T-BM-40_1
BM-40_4S,BM-40#1_4,2,T-BM-40_1
BM-43_1S,BM-43#1_1,2,T-BM-43_1
BM-43_2S,BM-43#1_2,1,T-BM-43_1
BM-43_3S,BM-43#1_3,2,T-BM-43_1
BM-43_4S,BM-43#1_4,2,T-BM-43_1
BM-43_5S,BM-43#1_5,1,T-BM-43_1
BM-44_1S,BM-44#1_1,1,T-BM-44_1
BM-44_2S,BM-44#1_2,2,T-BM-44_1
BM-44_3S,BM-44#1_3,2,T-BM-44_1
BM-44_4S,BM-44#1_4,1,T-BM-44_1
BM-44_5S,BM-44#1_5,2,T-BM-44_1
BM-45_1S,BM-45#1_1,2,T-BM-45_1
BM-45_2S,BM-45#1_2,1,T-BM-45_1
BM-45_3S,BM-45#1_3,1,T-BM-45_1
BM-45_4S,BM-45#1_4,1,T-BM-45_1
BM-45_5S,BM-45#1_5,2,T-BM-45_1
BM-49_1S,BM-49#1_1,2,T-BM-49_1
BM-49_2S,BM-49#1_2,1,T-BM-49_1
BM-49_3S,BM-49#1_3,2,T-BM-49_1
BM-49_4S,BM-49#1_4,2,T-BM-49_1
BM-50_1S,BM-50#1_1,1,T-BM-50_1
BM-50_2S,BM-50#1_2,2,T-BM-50_1
BM-50_3S,BM-50#1_3,1,T-BM-50_1
BM-50_4S,BM-50#1_4,1,T-BM-50_1
BM-50_5S,BM-50#1_5,2,T-BM-50_1
BM-54_1S,BM-54#1_1,2,T-BM-54_1
BM-54_2S,BM-54#1_2,1,T-BM-54_1
BM-54_3S,BM-54#1_3,2,T-BM-54_1
BM-54_4S,BM-54#1_4,1,T-BM-54_1
BM-55_1S,BM-55#1_1,1,T-BM-55_1
BM-55_2S,BM-55#1_2,1,T-BM-55_1
BM-55_3S,BM-55#1_3,2,T-BM-55_1
BM-55_4S,BM-55#1_4,1,T-BM-55_1
BM-55_5S,BM-55#1_5,1,T-BM-55_1
BM-59_1S,BM-59#1_1,2,T-BM-59_1
BM-59_2S,BM-59#1_2,1,T-BM-59_1
BM-59_3S,BM-59#1_3,2,T-BM-59_1
BM-59_4S,BM-59#1_4,1,T-BM-59_1
BM-60_1S,BM-60#1_1,2,T-BM-60_1
BM-60_2S,BM-60#1_2,1,T-BM-60_1
BM-60_3S,BM-60#1_3,1,T-BM-60_1
BM-60_4S,BM-60#1_4,1,T-BM-60_1
BM-60_5S,BM-60#1_5,1,T-BM-60_1
BM-61_1S,BM-61#1_1,2,T-BM-61_1
BM-61_2S,BM-61#1_2,1,T-BM-61_1
BM-61_3S,BM-61#1_3,2,T-BM-61_1
BM-61_4S,BM-61#1_4,1,T-BM-61_1