SC_VC_Evolution,SC_VC_Information_Flow,SC_VC_Structure_Function,SC_VC_Transformations_of_Energy_and_Matter,SC_VC_Systems,SC_T_Cellular_and_Molecular,SC_T_Physiology,SC_T_Ecology_and_Evolution
BM-01_5S,BM-01_4S,BM-01_1S,BM-02_1S,BM-12_1S,BM-01_1S,BM-02_2S,BM-08_1S
BM-02_4S,BM-02_2S,BM-01_2S,BM-02_3S,BM-12_2S,BM-01_2S,BM-02_4S,BM-08_2S
BM-03_1S,BM-03_5S,BM-01_3S,BM-12_5S,BM-13_1S,BM-01_3S,BM-07_2S,BM-08_3S
BM-04_3S,BM-04_1S,BM-03_2S,BM-16_3S,BM-13_2S,BM-01_4S,BM-07_3S,BM-08_4S
BM-07_1S,BM-04_2S,BM-03_3S,BM-16_4S,BM-15_1S,BM-01_5S,BM-13_4S,BM-14_1S
BM-07_2S,BM-04_4S,BM-03_4S,BM-23_1S,BM-15_3S,BM-02_1S,BM-20_5S,BM-14_2S
BM-07_3S,BM-08_3S,BM-12_4S,BM-23_2S,BM-16_1S,BM-02_3S,BM-22_1S,BM-14_3S
BM-07_4S,BM-12_3S,BM-18_1S,BM-23_3S,BM-16_2S,BM-03_1S,BM-22_2S,BM-14_4S
BM-07_5S,BM-13_3S,BM-18_2S,BM-23_4S,BM-28_3S,BM-03_2S,BM-23_2S,BM-15_1S
BM-08_1S,BM-13_4S,BM-19_3S,BM-27_1S,BM-30_3S,BM-03_3S,BM-23_3S,BM-15_2S
BM-08_2S,BM-18_3S,BM-19_4S,BM-27_2S,BM-32_1S,BM-03_4S,BM-27_5S,BM-15_3S
BM-08_4S,BM-18_4S,BM-20_1S,BM-27_3S,BM-32_2S,BM-03_5S,BM-28_2S,BM-15_4S
BM-14_1S,BM-19_1S,BM-20_2S,BM-27_4S,BM-32_3S,BM-04_1S,BM-28_3S,BM-16_1S
BM-14_2S,BM-19_2S,BM-20_3S,BM-28_2S,BM-32_5S,BM-04_2S,BM-28_5S,BM-16_2S
BM-14_3S,BM-21_4S,BM-20_4S,BM-28_5S,BM-33_2S,BM-04_3S,BM-30_1S,BM-16_3S
BM-14_4S,BM-22_1S,BM-21_1S,BM-31_1S,BM-33_5S,BM-04_4S,BM-30_3S,BM-16_4S
BM-15_2S,BM-22_2S,BM-21_2S,BM-31_2S,BM-35_1S,BM-07_1S,BM-30_4S,BM-23_1S
BM-15_4S,BM-22_3S,BM-21_3S,BM-31_3S,BM-35_2S,BM-07_4S,BM-31_1S,BM-23_4S
BM-20_5S,BM-22_4S,BM-28_4S,BM-31_4S,BM-35_4S,BM-07_5S,BM-31_3S,BM-30_2S
BM-24_2S,BM-24_1S,BM-30_1S,BM-33_4S,BM-50_3S,BM-12_1S,BM-32_1S,BM-31_2S
BM-24_4S,BM-24_3S,BM-33_1S,BM-35_3S,BM-50_4S,BM-12_2S,BM-32_2S,BM-35_1S
BM-24_5S,BM-27_5S,BM-40_3S,BM-37_3S,BM-55_2S,BM-12_3S,BM-32_3S,BM-35_2S
BM-28_1S,BM-32_4S,BM-43_1S,BM-44_2S,BM-59_1S,BM-12_4S,BM-32_4S,BM-35_3S
BM-30_2S,BM-33_3S,BM-44_1S,BM-44_3S,BM-59_4S,BM-12_5S,BM-32_5S,BM-35_4S
BM-30_4S,BM-36_4S,BM-44_4S,BM-45_1S,BM-60_1S,BM-13_1S,BM-33_2S,BM-36_3S
BM-36_1S,BM-36_5S,BM-44_5S,BM-45_2S,BM-60_2S,BM-13_2S,BM-33_5S,BM-37_2S
BM-36_2S,BM-37_4S,BM-45_3S,BM-49_1S,BM-60_5S,BM-13_3S,BM-43_1S,BM-43_2S
BM-36_3S,BM-38_2S,BM-45_4S,BM-49_2S,,BM-18_1S,BM-43_4S,BM-43_3S
BM-37_1S,BM-38_3S,BM-45_5S,BM-49_3S,,BM-18_2S,BM-45_1S,BM-43_5S
BM-37_2S,BM-38_4S,BM-59_2S,BM-49_4S,,BM-18_3S,BM-45_2S,BM-45_4S
BM-37_5S,BM-38_5S,BM-60_4S,BM-50_1S,,BM-18_4S,BM-45_3S,BM-45_5S
BM-38_1S,BM-40_4S,,BM-50_2S,,BM-19_1S,BM-49_1S,BM-50_1S
BM-40_1S,BM-43_2S,,BM-50_5S,,BM-19_2S,BM-49_3S,BM-50_2S
BM-40_2S,BM-43_3S,,BM-54_3S,,BM-19_3S,BM-54_1S,BM-50_3S
BM-43_4S,BM-43_5S,,BM-54_4S,,BM-19_4S,BM-54_2S,BM-50_4S
BM-54_1S,BM-54_2S,,BM-55_1S,,BM-20_1S,BM-55_3S,BM-50_5S
BM-55_3S,BM-55_5S,,BM-60_3S,,BM-20_2S,BM-55_5S,BM-55_1S
BM-55_4S,BM-61_1S,,,,BM-20_3S,BM-60_3S,BM-55_2S
BM-59_3S,BM-61_2S,,,,BM-20_4S,BM-61_1S,BM-55_4S
,BM-61_3S,,,,BM-21_1S,BM-61_2S,BM-59_1S
,BM-61_4S,,,,BM-21_2S,BM-61_3S,BM-59_2S
,,,,,BM-21_3S,BM-61_4S,BM-59_3S
,,,,,BM-21_4S,,BM-59_4S
,,,,,BM-22_3S,,BM-60_1S
,,,,,BM-22_4S,,BM-60_2S
,,,,,BM-24_1S,,BM-60_4S
,,,,,BM-24_2S,,BM-60_5S
,,,,,BM-24_3S,,
,,,,,BM-24_4S,,
,,,,,BM-24_5S,,
,,,,,BM-27_1S,,
,,,,,BM-27_2S,,
,,,,,BM-27_3S,,
,,,,,BM-27_4S,,
,,,,,BM-28_1S,,
,,,,,BM-28_4S,,
,,,,,BM-31_4S,,
,,,,,BM-33_1S,,
,,,,,BM-33_3S,,
,,,,,BM-33_4S,,
,,,,,BM-36_1S,,
,,,,,BM-36_2S,,
,,,,,BM-36_4S,,
,,,,,BM-36_5S,,
,,,,,BM-37_1S,,
,,,,,BM-37_3S,,
,,,,,BM-37_4S,,
,,,,,BM-37_5S,,
,,,,,BM-38_1S,,
,,,,,BM-38_2S,,
,,,,,BM-38_3S,,
,,,,,BM-38_4S,,
,,,,,BM-38_5S,,
,,,,,BM-40_1S,,
,,,,,BM-40_2S,,
,,,,,BM-40_3S,,
,,,,,BM-40_4S,,
,,,,,BM-44_1S,,
,,,,,BM-44_2S,,
,,,,,BM-44_3S,,
,,,,,BM-44_4S,,
,,,,,BM-44_5S,,
,,,,,BM-49_2S,,
,,,,,BM-49_4S,,
,,,,,BM-54_3S,,
,,,,,BM-54_4S,,