SC_VC_Evolution,SC_VC_Information_Flow,SC_VC_Structure_Function,SC_VC_Transformations_of_Energy_and_Matter,SC_VC_Systems,SC_Phys_Homeostasis,SC_Phys_CellCell_Communication,SC_Phys_Flowdown_Gradients,SC_Phys_Cell_Membrane,SC_Phys_Interdependence,SC_Phys_Structure_Function,SC_Phys_Evolution
QW_2S,QB_1S,QC_4S,QC_1S,QB_1S,QE_5S,QF_3S,QC_1S,QC_4S,QB_1S,QC_4S,QW_2S
QW_3S,QB_2S,QC_5S,QC_2S,QB_2S,QF_1S,QF_4S,QC_2S,QC_5S,QB_2S,QC_5S,QW_3S
QW_4S,QB_3S,QC_6S,QC_3S,QB_3S,QF_2S,QG_2S,QC_3S,QC_6S,QB_3S,QC_6S,QW_4S
QW_5S,QB_4S,QE_1S,QC_4S,QB_4S,QG_1S,QI_1S,QE_2S,QE_6S,QB_4S,QE_1S,QW_5S
,QB_5S,QE_2S,QC_5S,QB_5S,QK_1S,QI_2S,QH_2S,QH_1S,QB_5S,QE_6S,
,QB_6S,QE_6S,QC_6S,QB_6S,QK_2S,QI_3S,QH_3S,QH_2S,QB_6S,QG_3S,
,QE_3S,QG_3S,QE_1S,QE_4S,QK_4S,QI_4S,QH_4S,QH_4S,QE_4S,QG_4S,
,QF_3S,QG_4S,QE_2S,QE_5S,QZ_1S,QI_5S,QJ_1S,QH_5S,QJ_3S,QG_5S,
,QF_4S,QG_5S,QE_6S,QF_1S,QZ_2S,QI_6S,QJ_3S,QJ_1S,QK_1S,QH_5S,
,QF_5S,QH_1S,QH_1S,QF_2S,QZ_4S,QV_1S,QJ_4S,QJ_2S,QK_4S,QH_6S,
,QG_2S,QH_6S,QH_2S,QG_1S,,QV_2S,QJ_5S,QJ_3S,QV_4S,QI_5S,
,QI_1S,QI_5S,QH_3S,QK_1S,,QV_3S,QK_3S,QJ_4S,,QJ_6S,
,QI_2S,QJ_6S,QH_4S,QK_2S,,QV_4S,QZ_3S,QJ_5S,,QK_5S,
,QI_3S,QK_5S,QJ_1S,QK_4S,,QV_5S,QZ_6S,QJ_6S,,QV_1S,
,QI_4S,QV_1S,QJ_2S,QZ_1S,,QZ_5S,,,,QV_5S,
,QI_5S,QV_5S,QJ_3S,QZ_2S,,,,,,QW_1S,
,QI_6S,QW_1S,QJ_4S,QZ_4S,,,,,,QW_6S,
,QV_1S,QW_6S,QJ_5S,,,,,,,QZ_5S,
,QV_2S,QZ_5S,QK_3S,,,,,,,,
,QV_3S,,QZ_3S,,,,,,,,
,QV_5S,,QZ_6S,,,,,,,,
,QZ_5S,,,,,,,,,,